train_loss,epoch,step
5.620306015014648,0,49
4.767929553985596,1,99
4.606703281402588,2,149
4.378417491912842,3,199
4.317479133605957,4,249
