train_loss,epoch,step
3.490730047225952,0,49
2.8109750747680664,1,99
2.6135141849517822,2,149
2.5064733028411865,3,199
2.4687201976776123,4,249
