train_loss,epoch,step
5.727161407470703,0,49
4.668649673461914,1,99
4.41603946685791,2,149
4.209362506866455,3,199
4.116591930389404,4,249
