train_loss,epoch,step
5.730123519897461,0,49
4.772825717926025,1,99
4.435699462890625,2,149
4.294511318206787,3,199
4.208137512207031,4,249
